{"cameraMode":{"drawMode":0,"name":"Shaded","section":"Shading Mode"},"sceneLighting":true,"audioPlay":false,"sceneViewState":{"m_AlwaysRefresh":false,"showFog":true,"showSkybox":true,"showFlares":true,"showImageEffects":true,"showParticleSystems":true,"showVisualEffectGraphs":true,"m_FxEnabled":true},"in2DMode":false,"pivot":{"x":11.18813705444336,"y":20.486103057861329,"z":19.89788055419922},"rotation":{"x":-0.010499067604541779,"y":0.011999058537185192,"z":0.00012599758338183165,"w":0.9998743534088135},"size":24.612621307373048,"orthographic":false}