{"cameraMode":{"drawMode":0,"name":"Shaded","section":"Shading Mode"},"sceneLighting":true,"audioPlay":false,"sceneViewState":{"m_AlwaysRefresh":false,"showFog":true,"showSkybox":true,"showFlares":true,"showImageEffects":true,"showParticleSystems":true,"showVisualEffectGraphs":true,"m_FxEnabled":true},"in2DMode":false,"pivot":{"x":7.9437737464904789,"y":20.512327194213868,"z":11.6746826171875},"rotation":{"x":0.005685173440724611,"y":-0.04288899526000023,"z":-0.00024361028044950217,"w":-0.9990663528442383},"size":46.90570068359375,"orthographic":false}